Название,Цена,Ссылка
,,https://www.divan.ru/product/podvesnoj-svetilnik-ferum-orange
,,https://www.divan.ru/product/svetilnik-potolochnyj-ringa-black
,,https://www.divan.ru/product/torsher-bjork-white
,,https://www.divan.ru/product/podvesnoj-svetilnik-tubuli-5-wood
,,https://www.divan.ru/product/bra-smasten-white
,,https://www.divan.ru/product/nastolnaya-lampa-arvika-wood
,,https://www.divan.ru/product/podvesnoj-svetilnik-inlada-wood
,,https://www.divan.ru/product/nastolnaya-lampa-alnej-orange
,,https://www.divan.ru/product/podvesnoj-svetilnik-namsen-black
,,https://www.divan.ru/product/lyustra-livsden-brown
,,https://www.divan.ru/product/torsher-logmar-silver
,,https://www.divan.ru/product/podvesnoj-svetilnik-grontri-1-wood
,,https://www.divan.ru/product/bra-brakett-white
,,https://www.divan.ru/product/podvesnoj-svetilnik-otra-wood
,,https://www.divan.ru/product/podvesnoj-svetilnik-kronor-orange
,,https://www.divan.ru/product/svetilnik-potolochnyj-orhus-white
,,https://www.divan.ru/product/podvesnoj-svetilnik-rena-green
,,https://www.divan.ru/product/svetilnik-potolochnyj-ringa-white
,,https://www.divan.ru/product/bra-berit-black
,,https://www.divan.ru/product/podvesnoj-svetilnik-kronor-black
,,https://www.divan.ru/product/nastolnaya-lampa-bjork-white
,,https://www.divan.ru/product/podvesnoj-svetilnik-selau-2-glass
,,https://www.divan.ru/product/podvesnoj-svetilnik-djambi-rattan
,,https://www.divan.ru/product/bra-pinna-black
,,https://www.divan.ru/product/podvesnoj-svetilnik-bjork-white
,,https://www.divan.ru/product/torsher-oslo-blue
,,https://www.divan.ru/product/torsher-logmar-black
,,https://www.divan.ru/product/bra-bjork-white
,,https://www.divan.ru/product/podvesnoj-svetilnik-arvika-wood
,,https://www.divan.ru/product/podvesnoj-svetilnik-benflit-black
,,https://www.divan.ru/product/svetilnik-potolochnyj-orhus-black
,,https://www.divan.ru/product/nastolnaya-lampa-treben-orange
,,https://www.divan.ru/product/podvesnoj-svetilnik-livsden-brown
,,https://www.divan.ru/product/podvesnoj-svetilnik-bejla-black
,,https://www.divan.ru/product/svetilnik-potolochnyj-lago-white
,,https://www.divan.ru/product/podvesnoj-svetilnik-chinkve-silver
,,https://www.divan.ru/product/torsher-enkel-black
,,https://www.divan.ru/product/lyustra-maling-multi
,,https://www.divan.ru/product/podvesnoj-svetilnik-djambi-1-rattan
,,https://www.divan.ru/product/podvesnoj-svetilnik-selau-1-glass
,,https://www.divan.ru/product/podvesnoj-svetilnik-ferum-black
,,https://www.divan.ru/product/bra-smasten-black
,,https://www.divan.ru/product/podvesnoj-svetilnik-kronor-white
,,https://www.divan.ru/product/podvesnoj-svetilnik-tubuli-wood
,,https://www.divan.ru/product/nastolnaya-lampa-treben-white
,,https://www.divan.ru/product/podvesnoj-svetilnik-ferum-grey
,,https://www.divan.ru/product/podvesnoj-svetilnik-kvina-black
,,https://www.divan.ru/product/podvesnoj-svetilnik-bejla-white
