name,price,url
Подвесной светильник Ферум Orange,5490,/product/podvesnoj-svetilnik-ferum-orange
Светильник потолочный Ринга Black,4390,/product/svetilnik-potolochnyj-ringa-black
Торшер Бьйорк White,13 190,/product/torsher-bjork-white
Подвесной светильник Тубули-5 Wood,13 190,/product/podvesnoj-svetilnik-tubuli-5-wood
Бра Смастен White,5490,/product/bra-smasten-white
Настольная лампа Арвика Wood,6590,/product/nastolnaya-lampa-arvika-wood
Подвесной светильник Инлада Wood,8790,/product/podvesnoj-svetilnik-inlada-wood
Настольная лампа Алней Orange,4390,/product/nastolnaya-lampa-alnej-orange
Подвесной светильник Намсен Black,10 990,/product/podvesnoj-svetilnik-namsen-black
Люстра Ливсден Brown,17 590,/product/lyustra-livsden-brown
Торшер Логмар Silver,19 790,/product/torsher-logmar-silver
Подвесной светильник Гронтри-1 Wood,12 090,/product/podvesnoj-svetilnik-grontri-1-wood
Бра Бракетт White,4940,/product/bra-brakett-white
Подвесной светильник Отра Wood,17 040,/product/podvesnoj-svetilnik-otra-wood
Подвесной светильник Кронор Orange,7140,/product/podvesnoj-svetilnik-kronor-orange
Светильник потолочный Орхус White,18 690,/product/svetilnik-potolochnyj-orhus-white
Подвесной светильник Рена Green,5490,/product/podvesnoj-svetilnik-rena-green
Светильник потолочный Ринга White,4390,/product/svetilnik-potolochnyj-ringa-white
Бра Берит Black,6590,/product/bra-berit-black
Подвесной светильник Кронор Black,7140,/product/podvesnoj-svetilnik-kronor-black
Настольная лампа Бьйорк White,4390,/product/nastolnaya-lampa-bjork-white
Подвесной светильник Селау-2 Glass,3840,/product/podvesnoj-svetilnik-selau-2-glass
Подвесной светильник Джамби Rattan,13 190,/product/podvesnoj-svetilnik-djambi-rattan
Бра Пинна Black,7690,/product/bra-pinna-black
Подвесной светильник Бьйорк White,8790,/product/podvesnoj-svetilnik-bjork-white
Торшер Осло Blue,16 490,/product/torsher-oslo-blue
Торшер Логмар Black,19 790,/product/torsher-logmar-black
Бра Бьйорк White,2190,/product/bra-bjork-white
Подвесной светильник Арвика Wood,8790,/product/podvesnoj-svetilnik-arvika-wood
Подвесной светильник Бенфлит Black,7690,/product/podvesnoj-svetilnik-benflit-black
Светильник потолочный Орхус Black,18 690,/product/svetilnik-potolochnyj-orhus-black
Настольная лампа Требен Orange,3290,/product/nastolnaya-lampa-treben-orange
Подвесной светильник Ливсден Brown,4060,/product/podvesnoj-svetilnik-livsden-brown
Подвесной светильник Бейла Black,6590,/product/podvesnoj-svetilnik-bejla-black
Светильник потолочный Лаго White,13 190,/product/svetilnik-potolochnyj-lago-white
Подвесной светильник Чинкве Silver,6590,/product/podvesnoj-svetilnik-chinkve-silver
Торшер Энкель Black,6590,/product/torsher-enkel-black
Люстра Малинг Multi,17 040,/product/lyustra-maling-multi
Подвесной светильник Джамби-1 Rattan,10 990,/product/podvesnoj-svetilnik-djambi-1-rattan
Подвесной светильник Селау-1 Glass,5490,/product/podvesnoj-svetilnik-selau-1-glass
Подвесной светильник Ферум Black,4390,/product/podvesnoj-svetilnik-ferum-black
Бра Смастен Black,5490,/product/bra-smasten-black
Подвесной светильник Кронор White,8790,/product/podvesnoj-svetilnik-kronor-white
Подвесной светильник Тубули Wood,3290,/product/podvesnoj-svetilnik-tubuli-wood
Настольная лампа Требен White,3290,/product/nastolnaya-lampa-treben-white
Подвесной светильник Ферум Grey,4390,/product/podvesnoj-svetilnik-ferum-grey
Подвесной светильник Квина Black,7690,/product/podvesnoj-svetilnik-kvina-black
Подвесной светильник Бейла White,6590,/product/podvesnoj-svetilnik-bejla-white
